elapsed_s,clock,thermal,low_power,cpu_cores,cpu_pct,threads,source_h,crop_h_frac,upscale,footprint_mb,hop_mean_ms,hop_max_ms,queue_mean_ms,queue_max_ms,vision_mean_ms,vision_max_ms,frame_mean_ms,frame_max_ms,detections,frames_window,frames_total,out_drops_window,out_drops_total,gate_drops_window,gate_drops_total,note
0.0,03:47:17,nominal,no,,,,,,,,,,,,,,,,,,,,,,,detection start; thermal=nominal
0.3,03:47:17,nominal,no,0.00,0,25,1080,1.0000,1.00,380,0.16,4.66,0.51,0.51,284.17,284.17,7.97,14.15,1,95,741,0,0,0,19,
5.7,03:47:22,nominal,no,0.43,43,28,1080,0.8000,1.25,390,0.05,0.57,0.00,0.00,0.00,0.00,12.14,306.52,0,94,835,0,0,6,25,"subject locked, tracking"
11.1,03:47:28,nominal,no,0.41,41,26,1080,0.8000,1.25,381,0.10,6.50,0.00,0.00,0.00,0.00,8.19,11.54,0,90,925,0,0,0,25,
16.5,03:47:33,nominal,no,0.41,41,26,1080,0.5000,2.00,380,0.03,0.47,0.00,0.00,0.00,0.00,8.41,12.01,0,90,1015,0,0,0,25,
21.9,03:47:39,nominal,no,0.41,41,26,1080,0.5000,2.00,381,0.04,0.48,0.00,0.00,0.00,0.00,8.60,12.39,0,90,1105,0,0,0,25,
27.3,03:47:44,nominal,no,0.38,38,26,1080,0.5000,2.00,383,0.04,0.53,0.00,0.00,0.00,0.00,7.32,12.14,0,90,1195,0,0,0,25,
32.7,03:47:50,nominal,no,0.38,38,26,1080,0.5000,2.00,386,0.04,0.76,0.00,0.00,0.00,0.00,7.51,15.15,0,90,1285,0,0,0,25,
38.1,03:47:55,nominal,no,0.35,35,26,1080,0.5000,2.00,385,0.04,0.95,0.00,0.00,0.00,0.00,6.81,11.28,0,90,1375,0,0,0,25,
43.5,03:48:00,nominal,no,0.39,39,26,1080,0.5000,2.00,387,0.02,0.39,0.00,0.00,0.00,0.00,6.84,14.19,0,96,1471,0,0,0,25,
48.8,03:48:06,nominal,no,0.49,49,26,1080,0.9844,1.02,395,0.04,0.60,0.01,0.01,28.47,28.47,8.34,62.15,1,111,1582,0,0,2,27,"subject locked, tracking"
54.1,03:48:11,nominal,no,0.61,61,26,1080,1.0000,1.00,397,0.08,4.33,0.00,0.00,0.00,0.00,7.74,11.49,0,155,1737,0,0,0,27,
59.2,03:48:16,nominal,no,0.55,55,26,1080,0.5000,2.00,396,0.02,0.31,0.00,0.00,0.00,0.00,6.69,13.21,0,154,1891,0,0,0,27,
64.5,03:48:21,nominal,no,0.59,59,26,1080,0.9866,1.01,501,0.18,8.66,0.01,0.01,43.05,43.05,7.81,62.38,1,155,2046,0,0,1,28,"subject locked, tracking"
69.7,03:48:26,nominal,no,0.58,58,26,1080,0.9866,1.01,405,0.03,0.55,0.00,0.00,0.00,0.00,7.59,10.27,0,156,2202,0,0,0,28,
74.8,03:48:32,nominal,no,0.61,61,26,1080,0.9866,1.01,404,0.22,29.21,0.00,0.00,0.00,0.00,8.63,17.64,0,153,2355,0,0,1,29,
80.0,03:48:37,nominal,no,0.62,62,26,1080,1.0000,1.00,508,0.18,20.28,0.02,0.02,31.15,31.15,8.99,49.07,1,154,2509,0,0,2,31,
85.1,03:48:42,nominal,no,0.60,60,26,1080,1.0000,1.00,421,0.55,72.80,0.00,0.00,0.00,0.00,8.11,18.63,0,152,2661,0,0,2,33,"subject locked, tracking"
90.3,03:48:47,nominal,no,0.60,60,27,1080,1.0000,1.00,423,0.51,61.58,0.00,0.00,0.00,0.00,7.80,16.82,0,152,2813,0,0,2,35,
95.4,03:48:52,nominal,no,0.56,56,27,1080,1.0000,1.00,425,0.21,18.54,0.00,0.00,0.00,0.00,6.64,10.07,0,153,2966,0,0,0,35,
100.5,03:48:57,nominal,no,0.57,57,27,1080,1.0000,1.00,428,0.02,0.16,0.00,0.00,0.00,0.00,6.97,9.72,0,155,3121,0,0,0,35,
105.7,03:49:03,nominal,no,0.59,59,27,1080,1.0000,1.00,426,0.02,0.26,0.00,0.00,0.00,0.00,7.95,9.85,0,155,3276,0,0,0,35,
110.9,03:49:08,nominal,no,0.61,61,27,1080,1.0000,1.00,428,0.02,0.03,0.00,0.00,0.00,0.00,8.44,10.26,0,157,3433,0,0,0,35,
116.1,03:49:13,nominal,no,0.54,54,27,1080,0.5000,2.00,431,0.07,6.79,0.00,0.00,0.00,0.00,5.84,10.19,0,155,3588,0,0,0,35,
121.3,03:49:18,nominal,no,0.56,56,27,1080,1.0000,1.00,433,0.06,6.35,0.00,0.00,0.00,0.00,6.05,15.85,0,155,3743,0,0,0,35,
126.4,03:49:23,nominal,no,0.56,56,27,1080,1.0000,1.00,435,0.02,0.41,0.00,0.00,0.00,0.00,6.16,15.83,0,155,3898,0,0,0,35,
131.7,03:49:28,nominal,no,0.71,71,27,1080,1.0000,1.00,547,0.37,25.17,0.00,0.00,0.00,0.00,9.92,87.77,0,154,4052,0,0,3,38,
136.8,03:49:34,nominal,no,0.84,84,27,1080,1.0000,1.00,443,0.18,3.83,0.00,0.00,0.00,0.00,12.35,17.31,0,155,4207,0,0,0,38,
142.0,03:49:39,nominal,no,0.90,90,28,1080,1.0000,1.00,556,1.19,26.69,0.00,0.00,0.00,0.00,13.77,91.17,0,149,4356,0,0,5,43,
147.2,03:49:44,nominal,no,0.85,85,29,1080,1.0000,1.00,559,0.75,30.00,0.00,0.00,0.00,0.00,12.39,43.50,0,154,4510,0,0,2,45,
152.4,03:49:49,nominal,no,0.86,86,27,1080,1.0000,1.00,463,0.71,27.07,0.00,0.00,0.00,0.00,13.18,61.29,0,152,4662,0,0,4,49,
157.6,03:49:54,nominal,no,0.85,85,27,1080,0.5000,2.00,465,0.59,26.00,0.00,0.00,0.00,0.00,11.67,20.36,0,155,4817,0,0,1,50,
162.7,03:50:00,nominal,no,0.78,78,27,1080,0.5000,2.00,508,0.69,51.45,0.00,0.00,0.00,0.00,10.99,32.63,0,153,4970,0,0,1,51,
167.9,03:50:05,nominal,no,0.57,57,27,1080,0.5000,2.00,475,0.12,8.39,0.00,0.00,0.00,0.00,6.32,10.10,0,156,5126,0,0,0,51,
173.1,03:50:10,nominal,no,0.62,62,27,1080,0.5000,2.00,476,0.21,5.37,0.00,0.00,0.00,0.00,7.39,13.55,0,156,5282,0,0,0,51,
178.3,03:50:15,nominal,no,0.75,75,27,1080,0.5000,2.00,478,0.80,10.71,0.00,0.00,0.00,0.00,10.14,13.80,0,156,5438,0,0,0,51,
183.5,03:50:20,nominal,no,0.78,78,27,1080,0.5000,2.00,481,1.29,38.18,0.00,0.00,0.00,0.00,11.63,14.95,0,150,5588,0,0,5,56,
187.9,03:50:25,nominal,no,,,,,,,,,,,,,,,,,,,,,,,capture stop
